FilePath	FileName	PackageName	ClassName	MethodSignature
C:\_git\Public\.NET\SimpleMethodCallListCreator\testdata\methodlist\samples\app\MainEntry.java	MainEntry.java	samples.app	MainEntry	public void run(String[])
C:\_git\Public\.NET\SimpleMethodCallListCreator\testdata\methodlist\samples\app\MainEntry.java	MainEntry.java	samples.app	MainEntry	public static void bootstrap()
C:\_git\Public\.NET\SimpleMethodCallListCreator\testdata\methodlist\samples\app\MainEntry.java	MainEntry.java	samples.app	MainEntry	protected List<String> buildItems(List<String>)
C:\_git\Public\.NET\SimpleMethodCallListCreator\testdata\methodlist\samples\app\MainEntry.java	MainEntry.java	samples.app	MainEntry	private String formatMessage(String)
C:\_git\Public\.NET\SimpleMethodCallListCreator\testdata\methodlist\samples\service\ConfigLoader.java	ConfigLoader.java	samples.service	ConfigLoader	public static void load()
C:\_git\Public\.NET\SimpleMethodCallListCreator\testdata\methodlist\samples\service\ConfigLoader.java	ConfigLoader.java	samples.service	ConfigLoader	public static void log(int)
C:\_git\Public\.NET\SimpleMethodCallListCreator\testdata\methodlist\samples\service\ConfigLoader.java	ConfigLoader.java	samples.service	ConfigLoader	public static void log(String)
C:\_git\Public\.NET\SimpleMethodCallListCreator\testdata\methodlist\samples\service\TaskService.java	TaskService.java	samples.service	TaskService	public void execute(int)
C:\_git\Public\.NET\SimpleMethodCallListCreator\testdata\methodlist\samples\service\TaskService.java	TaskService.java	samples.service	TaskService	private void processStep(int)
C:\_git\Public\.NET\SimpleMethodCallListCreator\testdata\methodlist\samples\service\TaskService.java	TaskService.java	samples.service	TaskService	public static void prepareEnvironment()
C:\_git\Public\.NET\SimpleMethodCallListCreator\testdata\methodlist\samples\service\TaskService.java	TaskService.java	samples.service	TaskService	public List<String> summarize(List<String>)
C:\_git\Public\.NET\SimpleMethodCallListCreator\testdata\methodlist\samples\service\TaskService.java	TaskService.java	samples.service	Helper	void handle(int)
C:\_git\Public\.NET\SimpleMethodCallListCreator\testdata\methodlist\samples\util\Converters.java	Converters.java	samples.util	Converters	public static String toDisplayName(String)
C:\_git\Public\.NET\SimpleMethodCallListCreator\testdata\methodlist\samples\util\Converters.java	Converters.java	samples.util	Converters	public static String join(String, String[])
C:\_git\Public\.NET\SimpleMethodCallListCreator\testdata\methodlist\samples\util\MultiLineFormatter.java	MultiLineFormatter.java	samples.util	MultiLineFormatter	public String compose(int, String, boolean)
C:\_git\Public\.NET\SimpleMethodCallListCreator\testdata\methodlist\samples\util\MultiLineFormatter.java	MultiLineFormatter.java	samples.util	MultiLineFormatter	public static void invokeRepeated(Runnable, int)
